Bases,0,1,2
000,0.5131617203050567,0.27296781736508524,0.10409707023000422
001,1.4644444444444444,0.9726027397260274,0.3578154425612053
010,1.1313789359391966,0.7059463379260333,0.3086206896551724
011,1.9167883211678831,1.364882506527415,0.5261522527187985
100,0.9005555555555556,0.5379143332828817,0.23948920917033828
101,1.8259935553168636,1.1776819923371646,0.5263518138261465
110,1.4586155003762227,0.9458191126279863,0.4717449069973428
111,2.251381215469613,1.589161940768746,0.7718057520037718
