Bases,0,1,2
000,0.27246049661399546,0.16005078028238792,0.07003426635352096
001,0.8179824561403509,0.6398224476854788,0.2587685113016368
010,0.5731408335603377,0.39491784486052733,0.21270466949666464
011,0.8502994011976048,0.6668878566688786,0.25892857142857145
100,0.4135260224804005,0.2625754527162978,0.12445050780657875
101,0.8137566137566138,0.6070696721311475,0.25571955719557193
110,0.6090775988286969,0.4029126213592233,0.22148612354521038
111,0.8393782383419689,0.6574128765505021,0.33224907063197023
